id,coordinate,init_speed,physical_condition
0,"[64.71491241455078, 23.327617645263672]",1.2,without wheelchair
1,"[57.713218688964844, 41.918792724609375]",1.2,without wheelchair
2,"[52.945430755615234, 78.22611236572266]",1.2,without wheelchair
